{
	"numGains": 5,
	"gains": {
		"Low":		[2.0, 1.359375, 0.75, 0.5625, 0.5625],
		"Medium":	[2.0, 1.359375, 0.75, 0.5625, 0.5625],
		"High":		[2.0, 1.359375, 0.75, 0.5625, 0.5625]
	}
}