{
	"numGains": 5,
	"gains": {
		"Low":		[1.6875, 1.203125, 1.859375, 0.390625, 0.375],
		"Medium":	[1.6875, 1.203125, 1.859375, 0.390625, 0.375],
		"High":		[1.6875, 1.203125, 1.859375, 0.390625, 0.375]
	}
}