{
	"numGains": 5,
	"gains": {
		"Low":		[0.296875, 0.96875, 2, 0.578125, 0.1875],
		"Medium":	[0.296875, 0.96875, 2, 0.578125, 0.1875],
		"High":		[0.296875, 0.96875, 2, 0.578125, 0.1875]
	}
}